PassengerId,PredictedProbability,PredictedSurvived
1,0.013091,0
2,0.987173,1
3,0.706518,1
4,0.975402,1
5,0.027539,0
6,0.150674,0
7,0.556262,1
8,0.003069,0
9,0.912354,1
10,0.977874,1
11,0.768322,1
12,0.989671,1
13,0.063424,0
14,0.128142,0
15,0.828895,1
16,0.880458,1
17,0.002165,0
18,0.443488,0
19,0.230330,0
20,0.894027,1
21,0.266008,0
22,0.349381,0
23,0.948227,1
24,0.896501,1
25,0.098344,0
26,0.886367,1
27,0.143826,0
28,0.002064,0
29,0.900431,1
30,0.042804,0
